{
  "assetsByChunkName": {
    "vendors~app-account~app-confirmation~app-order": "chunk.4e7ba78d8f1dcd8d4055.js",
    "vendors~app-account~app-checkout": "chunk.4d561a243afb7edfe3ff.js",
    "vendors~app-cart~app-checkout": "chunk.e54656ae7e24e589d839.js",
    "admin": [
      "admin.2bcfdcc02eac9169acc8.js",
      "admin.2bcfdcc02eac9169acc8.js.map"
    ],
    "app-account": "chunk.355cb3b37fd63a88e4d3.js",
    "app-checkout": "chunk.faf82815c1ff84060785.js",
    "app-confirmation": "chunk.eaa2cb92ed6bdc4199d2.js",
    "checkout": [
      "checkout.ec8051c455c69013f9a4.js",
      "checkout.ec8051c455c69013f9a4.js.map"
    ],
    "storefront": [
      "storefront.ce377b407dc61f2f6226.css",
      "storefront.767541719e6288cfce4d.js",
      "storefront.ce377b407dc61f2f6226.css.map",
      "storefront.767541719e6288cfce4d.js.map"
    ],
    "vendors~app-cart": "chunk.0ffe3ef74a44fb1a763f.js",
    "vendors~app-order": "chunk.b74cbcf72a4d057fbd3a.js"
  }
}