{
  "meta_title": " ",
  "meta_description": "",
  "sections": [
    {
      "type": "collection-shelf",
      "shuffle": false,
      "limit": 12,
      "page": 1,
      "collection_id": "66733cc8f4e6d85ab2b20697:categories:Lançamento:/lancamento",
      "sort": "views"
    },
    {
      "type": "offers-timer",
      "max_hours": 24,
      "start": "2025-01-21T21:57:34.519Z",
      "end": "2025-01-21T21:57:34.556Z"
    },
    {
      "type": "dynamic-showcase",
      "load_more": true,
      "sort": "sales"
    },
    {
      "type": "breadcrumbs",
      "enabled": true
    },
    {
      "type": "collection-shelf",
      "shuffle": true,
      "limit": 12,
      "page": 1,
      "collection_id": null,
      "sort": "lowest_price"
    },
    {
      "type": "collection-shelf",
      "shuffle": false,
      "limit": 12,
      "page": 1,
      "collection_id": "67901de07841b176965fadfa:categories:OCULOS:/oculos"
    }
  ]
}